{
    "enemy 1": {
        "fitness": -99999,
        "victorious": false,
        "battle time": -99,
        "weights": [],
        "hyper parameters": {
            "n_vars": -99,
            "population_size": -99,
            "n_offspring": -99,
            "mutation_sigma": 0,
            "generations": -99,
            "n_best": -99
        }
    },
    "enemy 2": {
        "fitness": -99999,
        "victorious": false,
        "battle time": -99,
        "weights": [],
        "hyper parameters": {
            "n_vars": -99,
            "population_size": -99,
            "n_offspring": -99,
            "mutation_sigma": 0,
            "generations": -99,
            "n_best": -99
        }
    },
    "enemy 3": {
        "fitness": -99999,
        "victorious": false,
        "battle time": -99,
        "weights": [],
        "hyper parameters": {
            "n_vars": -99,
            "population_size": -99,
            "n_offspring": -99,
            "mutation_sigma": 0,
            "generations": -99,
            "n_best": -99
        }
    },
    "enemy 4": {
        "fitness": 90.6000955456225,
        "victorious": true,
        "battle time": 639,
        "weights": [
            0.10412453591429174,
            0.1827272860547282,
            0.4004817395688734,
            1.08259286904994,
            -0.2759900808106126,
            -0.6795148754797032,
            -1.4025261208163737,
            0.9906950677657664,
            -1.1874926993581305,
            0.4826685597471178,
            0.8366290031849245,
            -0.6661595683681363,
            0.8819928673748985,
            -0.6417226107260595,
            0.047617420804586474,
            -1.0638479117694593,
            0.9690976566435844,
            0.03863750528053293,
            -1.2996170960713396,
            -0.20193600430289121,
            0.6723947194243458,
            0.4776966762031658,
            0.6236525689814371,
            0.39767575417218376,
            0.8662003451652784,
            0.1396812107299976,
            -0.8439094777644556,
            -0.6673459673394201,
            -0.1440891536172974,
            -0.022387274305631682,
            -0.40592536544612057,
            -0.9739090875474633,
            0.030308075747547805,
            0.8261723694719391,
            -0.9588457281683431,
            -0.30625649679393174,
            1.0211419209534376,
            -1.0915366394572585,
            -1.2119277672782864,
            -0.6764934633667155,
            0.5922185503673001,
            -0.5362226597023831,
            -0.5365270277245656,
            -0.7665625185848399,
            0.7556939109374962,
            -0.3149902616872955,
            1.0911543890643678,
            -1.5418292478099787,
            0.4197505728319136,
            -0.4348839219823746,
            -0.3182572374561332,
            -0.4910061388780561,
            -1.0619900799405553,
            0.12313052563874723,
            0.5582714608706608,
            0.0968452366140739,
            -0.6463586705598551,
            0.9788330141464954,
            0.38247432222559985,
            0.020386966285263985,
            -0.0911488206798806,
            -2.629912410959024,
            -1.0584507511544121,
            1.0858431715976085,
            -0.43573458031872797,
            0.6704157304468131,
            0.5859218434791058,
            -0.7282562474468511,
            0.9813204692238411,
            -0.5964296158458023,
            -0.045484571822614984,
            -0.8634189446098948,
            -0.5896779460354553,
            0.14046607225918345,
            0.20871156860176276,
            0.3842807600225414,
            0.46717084632845285,
            -0.5982308127037772,
            -0.29881533905411695,
            -0.04738579808922602,
            0.33245735037462565,
            0.5916631105418328,
            -0.4284756557636915,
            0.8996808711131944,
            -0.475180556349176,
            0.08896832457162947,
            -0.324724237661236,
            0.6221445145609826,
            0.4520686684147968,
            0.040611085027042325,
            0.13371380038458483,
            -0.14572973962270766,
            -0.7169341415980003,
            0.39607143120072436,
            -1.1056061824485877,
            -0.10608559440951669,
            -1.250658691487814,
            1.8552514559796711,
            0.8349876306718678,
            -0.019661598444342003,
            -0.7925450318525761,
            0.11912483545472109,
            0.6125703942400254,
            0.2908494716727984,
            0.7290789816947316,
            -0.511514873493851,
            0.9939431522997373,
            1.140179139336676,
            -0.4273961531270368,
            0.11654686636911937,
            0.06923852872057583,
            -0.10992747783787195,
            0.11581154908937202,
            -1.0268769680699317,
            0.20778894615398835,
            0.2350853639894822,
            -0.138416217861214,
            0.4171009105558949,
            0.5078117189865465,
            -0.425642415214831,
            0.19645934499205364,
            -0.4778463588857476,
            0.6855777054229996,
            -0.6999402750638842,
            0.4204273275028236,
            0.5400434151239885,
            -1.726305654684325,
            0.47920818031518236,
            0.08354378469678463,
            0.5212462782060477,
            0.04319040493864185,
            -0.08660653902642013,
            0.06334341967233066,
            -0.6264942731838656,
            0.20148659156296628,
            0.6831898774112237,
            0.6338583870670753,
            -0.20536507765238393,
            0.3616371791958971,
            -0.5474108573804186,
            0.6296830994022006,
            0.5845379655044549,
            -0.9457104865015401,
            0.05029162768658172,
            -0.4510022006201749,
            -0.8531293234837507,
            -0.7437667776700865,
            0.4643194280857035,
            -0.7954844657395637,
            1.120777358802851,
            -0.0588498004301441,
            -0.3858646597404028,
            0.3957998476111267,
            0.5896696280844624,
            -1.0483984370003183,
            -0.439348464232401,
            -0.6426812674626141,
            0.28380488269514154,
            0.18675382372706306,
            1.1339755844965365,
            -0.9567894042781179,
            1.0045938138369734,
            -0.15230607978216198,
            -1.0002707522370375,
            0.45382164979069384,
            0.40438289564113,
            0.46144440660443664,
            0.3787697385464094,
            -0.5051281208577958,
            0.20507415787065356,
            -0.10948875424387437,
            -0.3262240739852381,
            -0.7076964938907194,
            0.558354228638282,
            -0.0887010012991605,
            0.11830437271375988,
            -1.407435074550698,
            -0.4663360012984173,
            -0.04241101390019303,
            -0.4064439922835247,
            -0.6278869748521401,
            -0.646690055210034,
            0.1808386700848314,
            -1.5074526727882605,
            0.6274571289773585,
            -0.13428594183136572,
            0.6410344257373307,
            -0.26543233318724463,
            -0.6791703037077143,
            0.23633697261289077,
            -1.0797078423552455,
            -0.11973457659422922,
            -1.598702736092469,
            1.4705391033360373,
            0.9718866539211921,
            -1.2730184304428127,
            0.33527711606989385,
            0.4795463337416539,
            0.21666850927250986,
            0.998292012290226,
            1.0554468753389674,
            0.6278239513718886,
            1.462178047325945,
            0.06040591917202469,
            0.05403347271479646,
            0.7382870003260797,
            0.1348079941790331,
