{
    "enemy 1": {
        "fitness": -99999,
        "victorious": false,
        "battle time": -99,
        "weights": [],
        "hyper parameters": {
            "n_vars": -99,
            "population_size": -99,
            "n_offspring": -99,
            "mutation_sigma": 0,
            "generations": -99,
            "n_best": -99
        }
    },
    "enemy 2": {
        "fitness": -99999,
        "victorious": false,
        "battle time": -99,
        "weights": [],
        "hyper parameters": {
            "n_vars": -99,
            "population_size": -99,
            "n_offspring": -99,
            "mutation_sigma": 0,
            "generations": -99,
            "n_best": -99
        }
    },
    "enemy 3": {
        "fitness": -99999,
        "victorious": false,
        "battle time": -99,
        "weights": [],
        "hyper parameters": {
            "n_vars": -99,
            "population_size": -99,
            "n_offspring": -99,
            "mutation_sigma": 0,
            "generations": -99,
            "n_best": -99
        }
    },
    "enemy 4": {
        "fitness": 91.01591279177049,
        "victorious": true,
        "battle time": 1037,
        "weights": [
            -0.0208863104352132,
            -0.3883438543741171,
            0.5424349207455311,
            0.02157074899652687,
            0.48647971825194425,
            -0.11536953291486231,
            -0.6087906403071672,
            0.622850601886382,
            -0.9596367563994728,
            -0.16235611447177484,
            0.6109549163094877,
            -0.7708987080128265,
            0.09762960396839789,
            -0.5147618565467001,
            -0.34424829328299783,
            -0.900596781550663,
            -0.008537011686910106,
            -1.1430590938290632,
            -0.10331170024611727,
            -1.0592880818778987,
            0.030757713770663473,
            0.6780893145769099,
            -0.9589712423040312,
            1.9196577374112047,
            -0.5558288956725248,
            0.11515675854057113,
            1.4023025881568831,
            0.7680564742827383,
            -1.2235711528291102,
            -0.23130238288231614,
            0.4765337391611731,
            -0.9752996134454646,
            -0.8466342661514485,
            -1.099492880706033,
            -0.770340117706064,
            0.3946727143581306,
            1.1879695787587445,
            0.5901421899668315,
            -1.9228459053148417,
            0.25641357911018675,
            -0.7596163638040405,
            1.325754731773382,
            -0.6251986540694585,
            0.46333854963385374,
            0.5888327222946935,
            -1.4460495568231606,
            0.7156567338369368,
            -0.7675171006861562,
            0.6072714170376133,
            0.7359979925453687,
            -0.0030583362288651053,
            1.1858386346312877,
            -1.1380384987397996,
            0.32786089756505066,
            -1.6154125880472465,
            -0.3523853778737942,
            0.3085485159330984,
            0.4125284993039372,
            -0.3448870020617752,
            0.03424222737546451,
            1.4217255113523661,
            -0.6996718978128108,
            0.470209167908949,
            1.4758605762605772,
            1.0186202040269614,
            -0.10666721115700453,
            0.4807861938103283,
            -0.5633371281109495,
            1.3136456161537493,
            -1.0726331986063722,
            0.06784795129123711,
            0.6864510205595524,
            -0.3992960587234773,
            0.9592751743832282,
            1.7870218491515255,
            0.7890864670861709,
            0.9939457882505726,
            -0.7179579247148689,
            1.490615534651725,
            -1.0579829780492738,
            1.6124864760541036,
            0.027152789228905027,
            -1.2669445851651642,
            0.5392158113565214,
            -0.7472026279140882,
            -0.08830931533582566,
            -0.007366293012457233,
            1.2199556039480781,
            1.317022168888102,
            -0.2727573666628039,
            -0.13970818189601664,
            1.2109722918018795,
            1.3699777097289978,
            1.0606114575710226,
            1.0585004372700506,
            -0.7518148606219103,
            -0.25709193534319175,
            -1.1888511956579828,
            -0.02283584287458954,
            0.15018868778221584,
            -0.5151897224912978,
            0.7291870379909939,
            -0.44589023009198675,
            -0.2712564356058938,
            1.5727545659122986,
            -0.47940959162405133,
            0.07810673384004255,
            -0.5844174039430181,
            -0.8643930633011857,
            -1.7223648337059163,
            -0.9407070118503978,
            0.7188604033190991,
            -0.173696681981562,
            -0.792348156646723,
            -1.0344105249563655,
            -0.21076982437938396,
            0.16412738997251874,
            -0.06383684218153027,
            0.8163054580748073,
            -1.1880793074381424,
            -0.28743921193437355,
            1.35283870688909,
            -0.9422389119063728,
            0.20905757506969608,
            -0.13017216030038675,
            1.5530747966283163,
            -0.7012427024613441,
            -1.7023652515017471,
            -0.7183712399352167,
            -0.8072648858141253,
            0.2280129006316061,
            -1.2271468357150885,
            0.03637236402556741,
            0.5985709427456745,
            -0.8343635294687137,
            0.05646822504115939,
            -0.603838413577022,
            0.18279904656253318,
            -0.5384364496278891,
            1.086356671581195,
            1.4245784661013583,
            1.872497156332226,
            0.8453497049808966,
            1.0422565816108713,
            -0.872588077477498,
            -0.22010328257985218,
            -0.4425172089865016,
            1.276402196554452,
            0.1293946136619144,
            -0.2919623836773287,
            0.49007120617845057,
            -1.3550500110174053,
            0.9831712546017629,
            0.16370948347713057,
            -0.5729946820544933,
            -0.8246646496751503,
            0.10834115682128444,
            0.28620358071685414,
            1.1073928775564352,
            0.5469089607077955,
            -1.092076977923488,
            -0.4781441103820986,
            0.8413086064043843,
            -1.0093238551668708,
            -0.6101678630431077,
            -1.0641235764160728,
            -0.5920628172191311,
            -0.20203349680039615,
            -0.21176239600942784,
            -0.19031783414495906,
            0.3801926976982503,
            -0.24074208752391207,
            0.9081072605431887,
            0.13867689448493192,
            -0.08509145492535405,
            0.6592783131954677,
            -0.757188098111465,
            -0.23343671156535384,
            -0.607456931925023,
            1.007779412075441,
            0.64243499958309,
            0.2648154205365306,
            -1.3654272746980425,
            -0.6494519875493417,
            -0.7249040265234257,
            0.5406289028005314,
            1.0672804827160283,
            -0.9682522547835142,
            0.9272137219313694,
            0.35727919309493983,
            -0.5289403740789262,
            -1.3055715753945478,
            0.5696552391954371,
            -0.8596308090541321,
            0.5921551830997219,
            -0.9631786355663426,
            0.5283227929343295,
            -0.7031582884409325,
            0.4045891378511708,
            -1.1726770783428278,
            0.8047431185491275,
            0.1687197123985192,
            -0.6755403609270502,
            -1.1333195824084625,
            -0.6329535108307086,
            -1.3074725548870532,
            0.40889410236399,
