{
    "enemy 1": {
        "run": "25/09/2024 13:14:27",
        "fitness": 94.91859563501554,
        "victorious": true,
        "battle time": 161,
        "weights": [
            -1.0476663120066885,
            -0.6845082600538219,
            1.7128265175447652,
            -0.9406794633638296,
            1.2323407325387885,
            0.1478332737051916,
            -1.6138093717142092,
            0.04642426860972225,
            -0.4168131578919657,
            -0.5819335979499658,
            -0.33694028545133103,
            1.7235518630318307,
            -1.0879917718394967,
            -0.6848351395850611,
            -0.14693756367219604,
            -0.22583561484019918,
            -0.7392665472862175,
            -1.92878056987813,
            -1.252628218671748,
            1.0945027122424404,
            -0.3758285262122242,
            1.5140650235349844,
            0.3433830936953196,
            0.24888662490111646,
            0.7750842778879095,
            -0.13103621992700684,
            -1.0214332144682134,
            0.29404054482206793,
            -0.41843220312990564,
            -0.6714504772764893,
            -1.2471265609924107,
            0.5422648461990093,
            0.8955910733936481,
            1.2706442581101067,
            0.9977537517759357,
            -1.246194306519942,
            -0.6049154503060651,
            0.9102755118863982,
            0.6727721663387971,
            0.2503958188861961,
            -1.427590600234484,
            -0.43573475579848336,
            0.48447850866686526,
            -1.3429575537260916,
            1.6692643807774765,
            0.5486335747867286,
            0.14223041602977926,
            0.21053884272472745,
            -0.3503784133840831,
            0.3354079970835484,
            -1.1554567724806937,
            1.2658466013582252,
            -0.8947682402455888,
            -0.5878371593048699,
            -1.2136729177734407,
            -1.0446685310992931,
            -0.9406271176760785,
            -1.1424184499880952,
            -0.06927671253542547,
            -0.1432029102772162,
            -1.0067180816436525,
            -0.22003498463153176,
            0.5681018722491292,
            0.017847897459775997,
            0.5139153840622366,
            -1.817448422425418,
            -0.7831600579039264,
            1.4005715558133294,
            1.2808547988035675,
            2.164217842325597,
            0.41329398702794956,
            0.1012513877809997,
            -0.7520001325097054,
            0.33985503054449007,
            -0.6571687190303603,
            0.2496396162178114,
            0.3724094381342511,
            -0.20687472996075115,
            -0.7280650590345896,
            0.26694507804396916,
            0.33914458196748926,
            -2.2805627680577287,
            -1.0122460616179059,
            0.27613468420258,
            -0.8608360901801835,
            1.5292313992994084,
            -0.4933575088514754,
            1.195614271244405,
            -0.5511450608774651,
            -1.1257268002896628,
            1.1740730283686533,
            -0.9524366978604824,
            -0.006224013751440438,
            -2.3651325379012094,
            3.81457457354164,
            -1.0985994162636903,
            -1.7057973794825938,
            1.7872109104121991,
            1.5385871677765817,
            0.32480938758352107,
            -0.21561081672272284,
            -0.9376286289465356,
            -0.5553446419806467,
            -0.47061886173929224,
            0.527756007814502,
            -0.6782342170463335,
            0.06039391866435223,
            0.48418174520989077,
            0.8962273838260927,
            -0.039348239792696915,
            1.2161061498590784,
            0.14930957938740783,
            -0.4182177224399559,
            -0.7042329942853196,
            0.8768639256006879,
            -0.5359209551995512,
            1.0605979819040474,
            1.7207339098175345,
            0.4249069813219568,
            -0.5480041791118442,
            0.6232434132513849,
            -1.219829311553416,
            -0.16522925377595446,
            1.2790931885546337,
            -0.6374060671663664,
            1.6120191222807914,
            -0.45436924160087444,
            0.6101263968968618,
            -0.2078353918091156,
            0.5511635567430293,
            0.9006484230418907,
            -1.3198676173338102,
            -0.551021441303196,
            0.231595410757578,
            0.7209197180336352,
            -0.5126524608292726,
            -0.558342545305188,
            -1.2266061683570664,
            -1.3299407894279318,
            0.48497103980196204,
            1.2281782710648763,
            0.5948825630156684,
            -1.311257557308828,
            0.4711804788904352,
            0.2640412074688348,
            -0.9081716202115568,
            -0.084017799732558,
            -1.2939578226905917,
            -0.7304024364417343,
            0.24879883480863366,
            -0.6571654664343152,
            -0.1188173420918122,
            -0.06431183793939196,
            0.5375538819589759,
            0.41688296744218156,
            -0.7554475974591451,
            -0.5043031200099002,
            -0.2902471314024798,
            -1.2278471017947783,
            -2.378404723198647,
            0.3913886738122615,
            -0.5080551036619317,
            0.4314316487290806,
            0.36517637824968435,
            0.5668122420573067,
            -1.3555384251699,
            0.902901030341528,
            0.8067657854950558,
            -0.18860296709296173,
            -2.060797515348688,
            0.9823687036390711,
            -0.06251221026900455,
            1.519956823349493,
            -0.4613260715679178,
            0.9290895707178775,
            0.21854605719811984,
            0.615106058920127,
            -0.6048266884100828,
            -0.07309130634004973,
            1.815470703487784,
            -0.11890395012528843,
            0.9477661151503336,
            0.6573752024672912,
            1.5807742336700323,
            1.7719349053199887,
            0.8193752783384626,
            0.37608577110205177,
            1.3512749787331697,
            1.1225317359721836,
            -0.06240145443491191,
            0.41876711220435897,
            0.15441095039385033,
            -1.0617499121204024,
            -0.07305174158676098,
            -0.921132331716674,
            -0.7982708628859146,
            -0.15919449960185056,
            0.13325384165024157,
            0.0844849893968943,
            -0.9101563541100126,
            0.9861024886894912,
            0.14505036338754862,
            -0.20185315066952114,
            -1.2700287740375065,
            -0.6409963406093625,
            -0.24597967699066658,
            0.24223570812441864,
            0.8679725268532126,
            1.8104939807794906,
            -0.009364247565917083,
            -0.8885853588920212,
            0.7595614928378069,
            3.0877409114939383,
            0.41426257061582006,
            -0.19710903722744036,
            -1.7182415515606109,
            -0.4479290596055202,
            0.5349074525576061,
            0.557036379899846,
            0.2720859743727791,
            0.6703369239827004,
            0.18496452790417306,
            -0.17560005071162735,
            -1.4017097385742452,
            -1.1858787230420167,
            -2.9884794097572085,
            -0.8905469591217952,
            -0.18377994057021585,
            0.9474751454627648,
            -1.1701333656792197,
            -0.11998472239581123,
            0.13277356614946145,
            0.5186191350350686,
            1.104495476227009,
            -0.5443209537096786,
            -1.3593759835210717,
            -0.39751051280936056,
            0.11403440336432152,
            -0.059412974445122155,
