{
    "enemy 1": {
        "fitness": -99999,
        "victorious": false,
        "battle time": -99,
        "weights": [],
        "hyper parameters": {
            "n_vars": -99,
            "population_size": -99,
            "n_offspring": -99,
            "mutation_sigma": 0,
            "generations": -99,
            "n_best": -99
        }
    },
    "enemy 2": {
        "fitness": -99999,
        "victorious": false,
        "battle time": -99,
        "weights": [],
        "hyper parameters": {
            "n_vars": -99,
            "population_size": -99,
            "n_offspring": -99,
            "mutation_sigma": 0,
            "generations": -99,
            "n_best": -99
        }
    },
    "enemy 3": {
        "fitness": -99999,
        "victorious": false,
        "battle time": -99,
        "weights": [],
        "hyper parameters": {
            "n_vars": -99,
            "population_size": -99,
            "n_offspring": -99,
            "mutation_sigma": 0,
            "generations": -99,
            "n_best": -99
        }
    },
    "enemy 4": {
        "fitness": 91.43074968320425,
        "victorious": true,
        "battle time": 645,
        "weights": [
            -0.6040629324282999,
            0.41473641116073134,
            0.874704133718319,
            -0.578595420858916,
            0.5616888013456982,
            1.2348345796081361,
            0.2480064192942048,
            -1.8997703764571217,
            0.5416133030140702,
            0.8778678407248494,
            -1.4437523525416525,
            -0.6391617574435505,
            1.4615516798211385,
            1.0065574770147114,
            -1.1774486793900865,
            0.5773980290099205,
            0.3481281277726824,
            -0.11521325936160078,
            0.6467081780015413,
            0.9444728242919186,
            0.2483038494583233,
            0.5446461673285019,
            0.4730410635831227,
            -2.27598633040483,
            -0.1600371007424278,
            0.6615493283167393,
            1.2049547650868169,
            1.3386906698938696,
            1.4639720982036615,
            -0.8276494649517823,
            0.13198419783519175,
            1.697744043473396,
            -1.5823132024841562,
            -1.5503575490416455,
            -1.4099664586809917,
            -0.3101925459568553,
            1.3469103992678255,
            0.5577732956280389,
            -1.0435162517596148,
            -0.11566177004149363,
            -0.7709033019855562,
            2.004834213776889,
            -1.5573383305760862,
            1.1639371696587835,
            0.5714166529693703,
            0.48819288775413683,
            -0.7869338050671804,
            -1.875427540414944,
            -1.443032410037882,
            -1.6404113204526158,
            -0.3137625030972297,
            1.4293938213013377,
            -0.7793954213699223,
            0.36621570192039077,
            1.6517629452880678,
            1.2339389841736763,
            1.8803204280938837,
            1.0194777115154854,
            -1.787846397836808,
            -1.4397804364992697,
            1.1250613349226843,
            -1.8905572383638738,
            -1.335395305077809,
            1.2401227531670953,
            -0.35037865969405224,
            0.6708615742933605,
            -1.5746097391763862,
            -1.0711423776260025,
            0.2755510125055153,
            1.0093629667092991,
            -0.7838973224543376,
            -0.06460812025682001,
            0.23891323278883503,
            1.9812283062514044,
            -1.7127344767556707,
            0.4907555847604918,
            -1.095324168237206,
            0.6504111729157334,
            -0.8039904201684666,
            -1.8158873224987566,
            1.1533935253815286,
            -1.0515200509994609,
            0.6617121981974152,
            -1.8218458163469025,
            0.9193013769969058,
            0.9167591143225245,
            -0.39419006059944034,
            -1.0269485365761315,
            -0.5916373599183681,
            0.3775266165754415,
            1.549561838321025,
            1.6670978589809555,
            1.566479647570548,
            0.15330589457401195,
            0.8125481583569818,
            -0.640205602035389,
            -1.864869309239185,
            -0.24867003595289167,
            0.7535956732119158,
            1.1569022961901925,
            1.3952993689729467,
            0.9785423671206208,
            1.0555779063106743,
            -0.32203097099180633,
            -0.25196622457737744,
            -1.6713035578373376,
            0.27242013401252774,
            -1.1756689587565319,
            -0.8287535208957658,
            -0.8090065884901854,
            -1.6888517567928378,
            0.5921369976116606,
            0.38073368950454456,
            -1.5488501226595788,
            0.5555475296688126,
            0.0891749918195394,
            1.136821303194301,
            -0.8399872326068663,
            2.1375398643276875,
            -1.5314221547537161,
            -0.9391144289729476,
            -0.5156704492476014,
            -0.1114652954451375,
            1.621350201037747,
            -0.2305692388237992,
            0.5289523246812317,
            1.3029833735151448,
            0.26090566902913925,
            1.0247931713354859,
            0.9746223040384496,
            -1.450423326544975,
            1.000211905843278,
            1.5447454319906204,
            0.7583840101166519,
            -0.2657269901576803,
            -1.4004313872869845,
            -0.37612055770359026,
            1.3433547607008882,
            0.9688779003987319,
            1.574255434987999,
            -0.14387759356034385,
            -1.6091499809388283,
            -1.1687771462068197,
            -0.1582320039599513,
            1.471638133348871,
            -0.19246453358340915,
            -0.0775508640959635,
            0.5112618223316289,
            0.5867581252561573,
            -0.049969776645468464,
            -0.46790109485132586,
            -2.123879198753807,
            1.241264530292571,
            -0.6139432230483505,
            -1.6154494526962795,
            -1.3231365522722855,
            -1.0294427666220556,
            -0.01438438055814462,
            0.21709536240382465,
            0.4409159892631165,
            0.7561682460366159,
            -1.3515737767373963,
            1.6403346023451704,
            0.10822886714896504,
            -0.1341134226499723,
            -0.07675820200393955,
            -0.2977169808885991,
            -0.35338060649341596,
            0.7834665234178723,
            0.3841805904659281,
            -0.5747508720666601,
            0.97339702901918,
            0.8655573248696073,
            1.1369813792142986,
            -1.5414675054111002,
            -0.2840866887202548,
            -0.0596160440544469,
            -1.3375158843949357,
            0.607485414900524,
            1.378924202464645,
            -1.3378770837921663,
            -1.5630823972224241,
            0.6093913790339928,
            2.416553913130325,
            -2.1759189212867893,
            -0.9005230682167018,
            -0.9115761763642637,
            -1.5525305243887995,
            -0.8572813379252111,
            0.921616697306967,
            -0.3095327649110743,
            0.7563628769655505,
            -0.19526966352975345,
            1.4742365516194038,
            0.254594422349303,
            0.8076482075021424,
            -0.7557592250552323,
            1.6664931108109604,
            0.048866801834667434,
            -0.08908824946790408,
            -1.026212238719079,
            0.9792021590230617,
            -0.23856515929141173,
            0.43371950318179997,
            -1.1138867001823398,
            1.8499357923243958,
            1.236152262395841,
            0.7026263252488496,
            0.9237334541888669,
