{
    "enemy 1": {
        "fitness": -99999,
        "victorious": false,
        "battle time": -99,
        "weights": [],
        "hyper parameters": {
            "n_vars": -99,
            "population_size": -99,
            "n_offspring": -99,
            "mutation_sigma": 0,
            "generations": -99,
            "n_best": -99
        }
    },
    "enemy 2": {
        "fitness": -99999,
        "victorious": false,
        "battle time": -99,
        "weights": [],
        "hyper parameters": {
            "n_vars": -99,
            "population_size": -99,
            "n_offspring": -99,
            "mutation_sigma": 0,
            "generations": -99,
            "n_best": -99
        }
    },
    "enemy 3": {
        "fitness": -99999,
        "victorious": false,
        "battle time": -99,
        "weights": [],
        "hyper parameters": {
            "n_vars": -99,
            "population_size": -99,
            "n_offspring": -99,
            "mutation_sigma": 0,
            "generations": -99,
            "n_best": -99
        }
    },
    "enemy 4": {
        "fitness": 93.25358787142663,
        "victorious": true,
        "battle time": 851,
        "weights": [
            0.7328598263491672,
            -1.3580395256396485,
            -0.5422041838695476,
            -0.8231359852365934,
            0.7773912638848468,
            0.23351422043128203,
            0.022265001933767584,
            -0.36465547762244316,
            1.1908149397718608,
            -0.921252140031304,
            -0.4036095711034407,
            -0.5480957874622823,
            -0.13173306321628844,
            1.2214275436210769,
            -1.3594451427268148,
            -0.5459885979546173,
            -0.9196423500960624,
            0.5556326276478655,
            -0.3415174797484997,
            -1.2172446767770695,
            0.4652253445152388,
            -0.300406629286709,
            0.6829529059563377,
            1.0037663687883889,
            1.2616418159995773,
            -0.7954899436546399,
            -1.5514175476326197,
            -0.8243328070631364,
            -0.9487945093328172,
            0.3309644426209555,
            1.2830041654302542,
            0.6237223529412452,
            -0.21939714476447242,
            0.04186141637665297,
            -0.05856082418462924,
            0.5481538059993726,
            -0.4790859425380313,
            1.1154101675202914,
            -0.9112581337054315,
            0.21859078613864147,
            0.3774426186918932,
            0.44927867593175547,
            -0.14882963732749527,
            -0.06856201358907846,
            0.003397090908238932,
            1.5132656202985535,
            -0.2873984531343968,
            -1.3641199341430394,
            -0.05333466437351182,
            -0.930685174895137,
            -0.7082760011087548,
            1.843712814922409,
            0.2219847220187986,
            1.397329868567815,
            0.031769835036646064,
            -0.9209336848784062,
            -1.3953261701721567,
            -0.4935145198705273,
            -1.1288164075214664,
            -0.10269928831023632,
            0.4672981682526498,
            -0.817654886743657,
            -1.2894197721188143,
            -0.49638905438494124,
            1.0745388526596902,
            0.6527037362586592,
            -0.37449536660950633,
            -0.5491676534472201,
            0.7303031911399739,
            -0.33354104313016386,
            -1.0787976884508006,
            1.3152606322519182,
            -0.02104469882159542,
            -0.9296109653904898,
            0.006289438297241974,
            -0.37735585413022993,
            0.6464378827602659,
            0.34927426227275,
            1.3433257994076557,
            0.8991372971242344,
            0.48122576384468085,
            0.9898438034852917,
            -0.05862729709874532,
            -1.162775214899965,
            -1.2931716345661766,
            0.04871907855721081,
            -0.5702766721565269,
            -1.3619940778110122,
            1.0251618569410996,
            -2.0941063446931407,
            0.28736012960755986,
            -0.3746359468813389,
            -1.3829453591471146,
            0.8422825657757012,
            0.3544269606856794,
            0.48684229888917596,
            -1.4214899196911213,
            -0.5683743460499413,
            -0.7546977114542619,
            0.2365291406654125,
            1.1387403573181696,
            0.5623860423106531,
            -1.2309352225437409,
            -0.055627467164957915,
            0.2934043045069969,
            -0.048684445211971454,
            -1.1890476199801014,
            -0.8661742249345152,
            0.6139723939966828,
            -0.3783867969066643,
            -0.8509336944510569,
            -1.311028711111315,
            -0.6131775314619549,
            -0.5748789669220755,
            -0.03352157229614689,
            0.7859520951304673,
            0.41995105536988586,
            0.1966056112174193,
            1.442206106439102,
            0.6679212848724079,
            -1.1195992742455998,
            1.576731817569315,
            -0.2800695056108293,
            -0.28285157591025356,
            0.628456094582861,
            -0.4671772088218139,
            0.053808272299617634,
            1.0248693319688968,
            0.9040732241531423,
            -0.45557268209762836,
            0.5015536386684567,
            0.4902114359815236,
            0.47155028619718403,
            -0.41278497041358864,
            -1.1588309278141322,
            -1.6416944664423978,
            0.646209705312277,
            0.6569394338103489,
            -0.7580614014965869,
            -1.3113042247497173,
            -0.7422621202439839,
            0.15447237356322704,
            -0.2626530485541432,
            0.7127276951487436,
            0.166489446250688,
            0.08330323730717844,
            0.3949946096075486,
            -0.5924977548763595,
            -0.24161381318607672,
            -0.7046250461501449,
            -0.8352529009386245,
            1.0490716089419614,
            0.6196892574147627,
            -0.1140175526210596,
            -0.16156493925424892,
            0.2912300153705977,
            1.0221131877989371,
            -0.05563780159100941,
            -0.7020575638927713,
            0.5577853674462978,
            0.034202016542826806,
            -0.17503255149276425,
            -0.3621404833668992,
            0.514698944275789,
            0.5597835249127807,
            -1.4555664989057475,
            0.4728915142430161,
            -1.4054964697662653,
            1.3226465336968634,
            0.18423570942449313,
            -0.7608580597799541,
            0.5896940022610535,
            -0.7215080231158142,
            -1.4575685407790617,
            0.34720815518094794,
            -0.03883360262742061,
            0.6347575005828885,
            -0.718250540223518,
            0.6359869439164116,
            -1.4581196606715034,
            -0.76806447818686,
            0.4671970039485831,
            0.21847249654844947,
            0.4339120442391189,
            -0.3231903958145489,
            0.5947395901310699,
            -0.16285195401846006,
            -0.5132802063493302,
            -0.05391212974927242,
            0.21610693037851564,
            0.4434763392651845,
            0.5910769511983125,
            -0.6451413429457029,
            -0.7611415236170356,
            -0.6323414650777182,
            0.7356253650398662,
            -0.4774647731489676,
            1.258734616301613,
            -0.8209302695693214,
            0.054621297249481254,
            1.2032284224994767,
            -0.2355175613107583,
            -0.7806107338501675,
            1.2378302208345116,
            0.18618223251440663,
            -0.09394820677966291,
            0.26668149954235476,
