{"enemies": {"1": {"fitness": -9999, "weights": [0, 0, 0]}, "2": {"fitness": 93.89405452609942, "weights": 93.89405452609942, "hyper parameters": {"n_vars": 265, "population_size": 88, "n_offspring": 3, "mutation_sigma": 0.5, "generations": 14, "n_best": 3}}, "3": {"fitness": -9999, "weights": [0, 0, 0]}, "4": {"fitness": 88.7762410452616, "weights": [1.2275922727586255, -1.070913209934665, -0.07923999648848179, -1.4270303640682869, -0.3654734025381973, 0.23182697401496705, -0.026151977919473324, 1.0591525870674525, -0.2753413807066712, 0.9519657652556124, 0.6384852245980898, -1.2237661802348099, 0.734333921448906, 0.2477302850731164, 0.7781357427592486, 0.6747147837532629, -0.2037182753879427, -1.8385197881906885, 0.7537225819198496, 1.2588201899095757, -0.35724159248933207, -0.3488443253927259, -0.5574521792495954, -0.11659191110087667, -1.007903239935533, -1.0867467618714097, -0.1938654596745052, 0.29992968357849425, -0.5960433304941, -0.5148258752589661, -1.3144567329878172, 0.0013826742470831183, -1.2474153075288528, -0.23500986220323955, -0.8372487860883879, -0.3209582658351572, -0.7883299446635058, -1.2971570860041095, 0.1508770075919184, 0.3825121850423919, -0.8614195206535121, -0.30575007937500764, 0.13613093305332324, 0.13435353760140334, 0.7422353898271215, -0.47879088876143217, -0.08114841439438308, -0.4500795352014833, -0.3180129135163399, -0.9671890969470951, 0.07706860290230273, 0.6752833458575452, -0.1528620181146248, 0.5993435909707514, -0.807227822767764, -0.5729233162555736, 0.6854636888450869, 0.17024472802259816, 0.4564915263422582, 0.7682193020463136, 2.243091645413873, 0.7404628811890286, -0.7076513195347084, -0.0338759381588466, 0.5513775317318932, -1.4222751964691986, 0.25898157667742344, 0.5391298029940983, -0.2737831831869124, 0.6581286075363881, 1.4516521794462443, -0.3899374199555443, -0.5214864258515816, -0.20072282647493414, -0.2917300148925804, 0.33736922102580996, 0.7694204915744116, 0.06808451288773847, -0.36334472188472206, 1.3767845006124677, -0.5816386387979198, -0.6239483763642178, 0.3684246620575376, 0.5394659572265612, 1.0637556045445182, 1.1001072217549503, 0.6687354687553267, 0.7742836184064111, 0.5261871044403714, -0.48434864182691584, 1.1384772701223391, -0.18140363928078615, -0.7513084494392926, -0.9154147736983849, 0.24767976155794025, -0.18721690194402743, 1.0040389840717006, -1.536290181647432, -0.6007531953955341, 0.20475973934475, -1.0665625900819888, -0.09652488406815501, 1.8039212075637305, 0.09568740963468231, -0.7318677816464916, 1.514159998934519, 0.7657194151290518, -0.7465258092985364, -0.7564534479953386, -1.129064743722425, 0.26384336340441467, -1.0179395700532359, 0.32203368812924216, -0.7158473972518776, 1.41573815083947, 0.5115109256869526, 0.7523476054612243, 0.15518245454543583, -0.17185633079317916, 1.1626532010042228, -0.14775856782574748, 0.7315949496022078, -0.5076424806953006, -0.7138002334918834, -0.1942916313618514, -1.2997237404296649, 1.5063362875202442, -0.6547041116585077, 0.5249229066002143, -0.13217726068592123, -0.17647127132351975, 0.7234701581988391, 1.2361448753394506, -0.10312117214392852, -0.41621877786792905, 1.056375664620607, -0.40099669505620034, -1.3171742112969311, -0.37586147752632826, -0.06424312535864424, -1.0790011529922006, -0.1844846855806998, 0.4382971717286855, -0.30441910499686226, 1.0116346311278663, -0.7334710068634364, 0.9844737757798763, 1.4423908943985972, 0.8156170315198132, 2.0483756295541555, -0.35655672098771224, 1.777156780923519, -0.1114535151370018, -1.2185723460460465, -0.059244821064602146, 0.8446835296129219, 0.7749687812371197, 0.6026160463951223, 0.08692290145125647, -0.8214150139376193, 0.8239541398625566, -0.07430849993134195, -0.259032415787195, 0.0822160419387751, -0.5276384720412629, 1.2841014468484824, -0.6428890102343103, 0.7472292179497063, -0.4904707477562559, -0.8603805575029752, 1.0877556517322156, 0.7507312363906341, 0.45608797713817606, 0.2555242895820686, -0.8051671628924906, 2.04046068234893, -0.022106534895467322, 0.9256800092978923, 0.8339218145997598, 0.8276695878188912, 0.8972834212103308, 0.4285153757593945, 0.9327398721477116, 0.023933437455310735, 0.22080528456331172, 2.355153555242636, -0.2854767907407322, -0.5668509135053914, -0.7073496111780655, -0.02487149290126063, 0.15701351548527445, 0.09645658851706537, -1.1576998039079922, 1.3911410293568567, 0.8501694990040947, 0.23541835896238394, 0.4256072013043066, 0.40843493572634243, 0.2263266571824435, 1.8031283962731375, 0.1344795093056312, -0.8550123432740173, -0.07275121341084023, 0.711300717353762, -0.8533045065580525, 0.29631028753317257, 2.3143997325563586, -0.636648790786182, -0.3911943344931854, 0.18974612633720944, -0.8062724526665078, 0.4518648827044132, 0.5589787240792627, 0.10995076219376221, 0.6002240480393765, -1.2854852671926416, 0.31896987720989145, 1.388475868287797, 1.8737151575726512, -1.130692663486041, -0.3023351365010213, -0.661840937514122, 0.984776133998151, 2.8661881135800886, 0.5284407500721511, 1.647198491250877, -0.9347455671920659, 0.11941754566351762, 3.000946468654356, 0.4692771960615052, 0.3324999867990278, -1.0155815338070369, -1.1432205012847265, -0.8198800835207326, -0.6397238182167642, 1.6015462737341495, 2.1137594405006754, 0.37051419669223606, 0.8918268155310378, 0.016845536736322872, 0.5081169666859788, -0.38437044280022836, 0.8228930056554171, -1.1005927021175346, -0.6931481406961268, 0.19078336115154101, 0.1081726846306168, 0.9752189773507147, -0.04590871904626315, 0.0707511972065705, -0.40539059952941664, -0.633773813952577, 1.3245620315032711, 0.8397405544812124, 0.7883923204674143, 0.2194753222316237, -0.5979555864143804, -0.35212869412614917, 0.6594920874390604, -0.3691347518067529, -0.7573194633483995, -0.34502637335704406, -0.7375699402336565, 0.8184534936200925, -0.6265763732294053], "hyper parameters": {"n_vars": 265, "population_size": 88, "n_offspring": 3, "mutation_sigma": 0.5, "generations": 14, "n_best": 3}}, "5": {"fitness": -9999, "weights": [0, 0, 0]}, "6": {"fitness": -9999, "weights": [0, 0, 0]}, "7": {"fitness": -9999, "weights": [0, 0, 0]}, "8": {"fitness": -9999, "weights": [0, 0, 0]}}}